{
    "cpu_usage": 4.7,
    "memory_usage": 34.6,
    "disk_usage": 71.4,
    "network_info": {
        "kilobytes_sent": 166458.2099609375,
        "kilobytes_received": 930139.2783203125
    },
    "system_info": {
        "OS": "Linux",
        "OS Version": "#1 SMP PREEMPT_DYNAMIC Kali 6.10.9-1kali1 (2024-09-09)",
        "Machine": "x86_64",
        "Processor": "Intel(R) Core(TM) i7-7600U CPU @ 2.80GHz",
        "Uptime": 9842.22160410881
    },
    "speed_info": {
        "Download Speed (Mbps)": 2.8853787011356613,
        "Upload Speed (Mbps)": 5.233257224734906
    },
    "response_time": 596.164,
    "updates": false
}